OBJECTID,Código upz,Nombre upz,Mes,Total Homicidios 2018,Total Homicidios 2019,Total Homicidios 2020,Total Homicidios 2021,Total Homicidios 2022,Total Homicidios 2023,Total Hurto Automotores 2023,Variación Homicidios %,Total Homicidios Año Actual Bogotá D.C,Total Lesiones Personales 2018,Total Lesiones Personales 2019,Total Lesiones Personales 2020,Total Lesiones Personales 2021,Total Lesiones Personales 2022,Total Lesiones Personales 2023,Variación Lesiones Personales %,Total Lesiones Personales Año Actual Bogotá D.C,Total Hurto Personas 2018,Total Hurto Personas 2019,Total Hurto Personas 2020,Total Hurto Personas 2021,Total Hurto Personas 2022,Total Hurto Personas 2023,Variación Hurto Personas %,Total Hurto Personas Año Actual Bogotá D.C,Total Hurto Residencias 2018,Total Hurto Residencias 2019,Total Hurto Residencias 2020,Total Hurto Residencias 2021,Total Hurto Residencias 2022,Total Hurto Residencias 2023,Variación Hurto Residencias %,Total Hurto Residencias Año Actual Bogotá D.C,Total Hurto Automotores 2018,Total Hurto Automotores 2019,Total Hurto Automotores 2020,Total Hurto Automotores 2021,Total Hurto Automotores 2022,Variación Hurto Automotores %,Total Hurto Automotores Año Actual Bogotá D.C,Total Hurto Bicicletas 2018,Total Hurto Bicicletas 2019,Total Hurto Bicicletas 2020,Total Hurto Bicicletas 2021,Total Hurto Bicicletas 2022,Total Hurto Bicicletas 2023,Variación Hurto Bicicletas %,Total Hurto Bicicletas Año Actual Bogotá D.C,Total Hurto Comercio 2018,Total Hurto Comercio 2019,Total Hurto Comercio 2020,Total Hurto Comercio 2021,Total Hurto Comercio 2022,Total Hurto Comercio 2023,Variación Hurto Comercio %,Total Hurto Comercio Año Actual Bogotá D.C,Total Hurto Celulares 2018,Total Hurto Celulares 2019,Total Hurto Celulares 2020,Total Hurto Celulares 2021,Total Hurto Celulares 2022,Total Hurto Celulares 2023,Variación Hurto Celulares %,Total Hurto Celulares Año Actual Bogotá D.C,Total Hurto Motocicletas 2018,Total Hurto Motocicletas 2019,Total Hurto Motocicletas 2020,Total Hurto Motocicletas 2021,Total Hurto Motocicletas 2022,Total Hurto Motocicletas 2023,Variación Hurto Motocicletas %,Total Hurto Motocicletas Año Actual Bogotá D.C,Total Delitos Sexuales 2018,Total Delitos Sexuales 2019,Total Delitos Sexuales 2020,Total Delitos Sexuales 2021,Total Delitos Sexuales 2022,Total Delitos Sexuales 2023,Variación  Delitos Sexuales %,Total Delitos Sexuales Año Actual Bogotá D.C.,Total Violencia intrafamiliar 2018,Total Violencia intrafamiliar 2019,Total Violencia intrafamiliar 2020,Total Violencia intrafamiliar 2021,Total Violencia intrafamiliar 2022,Total Violencia intrafamiliar 2023,Variación  Violencia intrafamiliar %,Total Violencia intrafamiliar Año Actual Bogotá D.C.,coord_x,coord_y
330,UPZ80,Corabastos,Ene-Sep,18,10,25,27,28,29,18,3.57,791,286,276,165,269,427,184,-56.91,"13,261",643,654,478,564,"1,299",671,-48.34,"109,907",61,52,54,69,81,42,-48.15,"5,504",19,17,15,10,22,-18.18,"2,900",68,70,99,71,128,71,-44.53,"5,731",117,73,43,46,106,33,-68.87,"7,112",446,320,262,259,482,193,-59.96,"38,767",46,27,29,37,82,34,-58.54,"3,695",46,44,31,33,60,0,-100,0,279,326,265,299,694,197,-71.61,"21,471","-74,16175959176819","4,630199835770584"
331,UPZ11,San Cristobal Norte,Ene-Sep,6,7,6,5,8,6,9,-25,791,158,129,96,160,212,85,-59.91,"13,261",343,318,253,375,656,465,-29.12,"109,907",64,59,55,47,71,33,-53.52,"5,504",20,10,14,10,32,-71.88,"2,900",37,29,34,31,56,14,-75,"5,731",56,62,27,38,77,45,-41.56,"7,112",251,134,142,156,290,147,-49.31,"38,767",11,22,15,15,17,16,-5.88,"3,695",38,49,26,38,47,0,-100,0,236,232,254,291,365,193,-47.12,"21,471","-74,02318348226463","4,736285347296358"
332,UPZ59,Alfonso Lopez,Ene-Sep,13,14,13,10,21,5,12,-76.19,791,144,183,88,119,221,89,-59.73,"13,261",207,210,161,186,378,231,-38.89,"109,907",46,72,26,23,55,34,-38.18,"5,504",7,3,7,5,21,-42.86,"2,900",4,6,5,7,8,4,-50,"5,731",33,29,21,18,16,13,-18.75,"7,112",130,106,109,132,151,69,-54.30,"38,767",40,11,12,12,24,14,-41.67,"3,695",29,44,30,35,43,0,-100,0,169,267,224,174,427,183,-57.14,"21,471","-74,10260363302606","4,4939588191396345"
333,UPZ25,La Floresta,Ene-Sep,2,0,1,1,0,0,5,0,791,70,27,24,40,102,35,-65.69,"13,261",390,598,403,427,947,582,-38.54,"109,907",41,38,35,39,74,43,-41.89,"5,504",5,12,10,10,10,-50,"2,900",45,49,69,35,104,37,-64.42,"5,731",114,117,86,63,139,50,-64.03,"7,112",235,304,225,241,418,181,-56.70,"38,767",5,6,4,5,14,7,-50,"3,695",8,11,9,8,23,0,-100,0,71,68,108,63,178,70,-60.67,"21,471","-74,07990691595279","4,699647467808344"
338,UPZ70,Jerusalem,Ene-Sep,24,20,28,27,42,18,24,-57.14,791,241,262,146,190,426,113,-73.47,"13,261",247,380,352,499,835,426,-48.98,"109,907",52,68,40,43,94,58,-38.30,"5,504",19,11,33,26,52,-53.85,"2,900",5,16,39,26,30,8,-73.33,"5,731",37,36,34,41,45,17,-62.22,"7,112",166,198,218,295,454,141,-68.94,"38,767",59,36,32,57,122,63,-48.36,"3,695",53,90,70,66,81,0,-100,0,552,506,509,387,907,415,-54.24,"21,471","-74,1652834882089","4,565662766586239"
339,UPZ46,Castilla,Ene-Sep,6,4,4,6,14,7,101,-50,791,295,216,150,238,447,159,-64.43,"13,261","1,149","1,345",940,"1,175","3,296","1,825",-44.63,"109,907",140,139,108,122,154,86,-44.16,"5,504",98,118,72,95,205,-50.73,"2,900",90,117,221,178,310,148,-52.26,"5,731",176,153,77,101,154,105,-31.82,"7,112",778,614,481,623,"1,802",703,-60.99,"38,767",56,71,72,68,145,96,-33.79,"3,695",56,62,45,52,59,0,-100,0,311,339,404,327,802,214,-73.32,"21,471","-74,1429281163456","4,642393883413379"
340,UPZ29,Minuto De Dios,Ene-Sep,5,3,4,6,12,6,48,-50,791,261,215,137,197,411,162,-60.58,"13,261","1,005","1,093",851,"1,035","2,570","1,442",-43.89,"109,907",124,104,87,75,131,94,-28.24,"5,504",38,49,31,62,105,-54.29,"2,900",136,134,188,148,296,172,-41.89,"5,731",157,166,99,62,158,64,-59.49,"7,112",633,509,448,550,"1,281",511,-60.11,"38,767",45,46,27,32,105,75,-28.57,"3,695",32,39,38,52,63,0,-100,0,346,319,405,335,714,229,-67.93,"21,471","-74,0981492168862","4,7084149348763065"
334,UPZ85,Bosa Central,Ene-Sep,23,28,21,18,45,25,56,-44.44,791,678,657,404,638,"1,065",395,-62.91,"13,261","1,282","1,668","1,426","1,982","4,307","1,928",-55.24,"109,907",241,191,160,133,237,97,-59.07,"5,504",59,44,63,62,129,-56.59,"2,900",109,195,315,313,424,149,-64.86,"5,731",273,214,135,169,283,97,-65.72,"7,112",833,888,755,979,"1,891",658,-65.20,"38,767",139,127,152,177,247,112,-54.66,"3,695",188,172,133,170,245,0,-100,0,"1,598","1,428","1,440","1,232","3,021",921,-69.51,"21,471","-74,1943938659622","4,607838372441527"
335,UPZ50,La Gloria,Ene-Sep,11,4,11,17,26,9,20,-65.38,791,294,253,198,239,417,134,-67.87,"13,261",302,437,412,442,848,511,-39.74,"109,907",68,67,40,36,104,31,-70.19,"5,504",17,17,18,13,38,-47.37,"2,900",9,4,15,11,23,10,-56.52,"5,731",49,81,68,43,119,55,-53.78,"7,112",214,234,250,259,444,161,-63.74,"38,767",26,47,33,34,111,50,-54.95,"3,695",60,80,49,65,71,0,-100,0,434,472,447,412,827,229,-72.31,"21,471","-74,08913674330819","4,546687243158008"
336,UPZ22,Doce De Octubre,Ene-Sep,2,1,3,3,8,3,26,-62.50,791,174,113,74,152,287,95,-66.90,"13,261",884,958,717,942,"2,463","1,469",-40.36,"109,907",98,78,70,54,117,50,-57.26,"5,504",32,33,27,26,63,-58.73,"2,900",78,66,94,79,174,83,-52.30,"5,731",124,162,113,112,240,66,-72.50,"7,112",521,396,393,456,968,492,-49.17,"38,767",11,20,12,30,33,25,-24.24,"3,695",22,31,29,41,143,0,-100,0,203,209,251,267,600,155,-74.17,"21,471","-74,07929994264602","4,671837987500388"
337,UPZ108,Zona Industrial,Ene-Sep,6,5,4,2,6,3,28,-50,791,260,180,82,111,211,151,-28.44,"13,261",697,"1,064",536,653,"1,776","1,095",-38.34,"109,907",21,20,20,15,39,14,-64.10,"5,504",20,15,11,12,37,-24.32,"2,900",58,43,46,56,75,31,-58.67,"5,731",320,242,102,146,210,92,-56.19,"7,112",405,482,319,300,899,346,-61.51,"38,767",15,21,10,22,69,19,-72.46,"3,695",59,134,40,38,73,0,-100,0,74,69,66,307,188,222,18.09,"21,471","-74,09718800846557","4,61892457470267"
321,UPZ48,Timiza,Ene-Sep,11,12,8,5,14,8,83,-42.86,791,278,309,144,258,476,157,-67.02,"13,261",571,668,582,749,"1,669",941,-43.62,"109,907",125,108,96,94,126,69,-45.24,"5,504",70,71,55,74,200,-58.50,"2,900",64,70,111,72,157,64,-59.24,"5,731",104,94,57,47,114,46,-59.65,"7,112",361,319,322,414,780,352,-54.87,"38,767",67,78,58,76,181,82,-54.70,"3,695",56,72,51,60,69,0,-100,0,607,590,529,465,972,297,-69.44,"21,471","-74,16178435145916","4,608607774884759"
322,UPZ96,Lourdes,Ene-Sep,6,7,12,8,9,10,3,11.11,791,209,146,120,171,314,136,-56.69,"13,261",157,147,128,200,473,285,-39.75,"109,907",24,23,23,22,36,24,-33.33,"5,504",9,4,7,4,17,-82.35,"2,900",6,3,6,23,22,16,-27.27,"5,731",17,26,9,21,41,8,-80.49,"7,112",85,67,60,101,188,95,-49.47,"38,767",14,6,7,13,28,7,-75,"3,695",25,20,29,37,39,0,-100,0,182,180,233,227,495,136,-72.53,"21,471","-74,07089098479598","4,5853869132492955"
323,UPZ75,Fontibon,Ene-Sep,6,9,7,8,20,10,30,-50,791,339,281,187,270,531,177,-66.67,"13,261","1,023","1,312","1,002","1,234","3,115","1,686",-45.87,"109,907",117,126,136,114,181,89,-50.83,"5,504",21,35,34,22,67,-55.22,"2,900",106,157,193,169,384,135,-64.84,"5,731",189,210,165,132,362,129,-64.36,"7,112",675,581,598,655,"1,405",569,-59.50,"38,767",58,37,28,31,89,40,-55.06,"3,695",70,77,56,54,73,0,-100,0,491,525,419,346,970,350,-63.92,"21,471","-74,14393725837327","4,677027700922609"
324,UPZ51,Los Libertadores,Ene-Sep,6,4,11,14,10,14,13,40,791,201,193,149,201,300,133,-55.67,"13,261",182,200,246,246,541,291,-46.21,"109,907",47,38,43,35,92,34,-63.04,"5,504",9,8,11,12,14,-7.14,"2,900",2,4,3,7,10,6,-40,"5,731",25,49,27,33,53,54,1.89,"7,112",114,100,177,140,282,109,-61.35,"38,767",23,15,20,21,35,28,-20,"3,695",46,38,46,69,54,0,-100,0,320,373,401,366,587,239,-59.28,"21,471","-74,09046854323338","4,532509268691319"
325,UPZ66,San Francisco,Ene-Sep,21,13,10,12,18,9,19,-50,791,212,246,176,230,394,150,-61.93,"13,261",363,435,365,577,"1,212",623,-48.60,"109,907",54,56,55,52,66,32,-51.52,"5,504",19,20,25,19,43,-55.81,"2,900",9,14,39,39,48,24,-50,"5,731",50,55,32,41,79,27,-65.82,"7,112",266,249,319,346,588,192,-67.35,"38,767",58,49,50,63,134,64,-52.24,"3,695",52,56,52,69,75,0,-100,0,363,419,479,264,999,426,-57.36,"21,471","-74,14759563939083","4,5641521909212015"
326,UPZ102,La Sabana,Ene-Sep,39,37,34,46,74,33,29,-55.41,791,705,344,305,436,992,465,-53.13,"13,261","2,582","3,308","1,876","2,331","6,147","4,965",-19.23,"109,907",58,63,83,78,130,111,-14.62,"5,504",36,31,37,49,62,-53.23,"2,900",112,91,121,171,203,102,-49.75,"5,731",479,389,273,308,667,262,-60.72,"7,112","1,697","1,686","1,085","1,535","3,204","1,319",-58.83,"38,767",37,38,38,62,162,69,-57.41,"3,695",66,75,99,130,248,0,-100,0,236,192,264,306,"1,130",592,-47.61,"21,471","-74,08448953256196","4,611045036856938"
328,UPZ55,Diana Turbay,Ene-Sep,10,12,19,14,24,15,24,-37.50,791,178,175,138,183,311,146,-53.05,"13,261",213,245,216,286,576,408,-29.17,"109,907",51,62,37,30,70,50,-28.57,"5,504",10,11,14,10,27,-11.11,"2,900",8,6,21,6,16,8,-50,"5,731",31,20,29,34,46,18,-60.87,"7,112",130,127,123,189,243,127,-47.74,"38,767",22,33,20,26,59,28,-52.54,"3,695",45,53,35,41,49,0,-100,0,212,306,299,284,594,229,-61.45,"21,471","-74,10866466300357","4,544549762025024"
329,UPZ26,Las Ferias,Ene-Sep,5,3,3,6,12,4,74,-66.67,791,285,202,116,227,437,198,-54.69,"13,261","1,394","1,760","1,309","1,588","3,388","2,098",-38.08,"109,907",145,129,112,95,201,121,-39.80,"5,504",43,91,49,87,152,-51.32,"2,900",151,154,219,169,220,138,-37.27,"5,731",463,458,296,200,441,196,-55.56,"7,112",827,893,729,808,"1,623",758,-53.30,"38,767",38,53,23,72,111,90,-18.92,"3,695",65,70,39,57,85,0,-100,0,352,279,442,302,777,213,-72.59,"21,471","-74,09072011696101","4,681598551247222"
370,UPZ113,Bavaria,Ene-Sep,1,3,0,1,0,1,23,100,791,85,86,52,73,125,69,-44.80,"13,261",479,569,409,475,"1,100",754,-31.45,"109,907",51,31,34,31,59,28,-52.54,"5,504",20,30,12,20,36,-36.11,"2,900",59,36,65,45,94,35,-62.77,"5,731",151,196,128,94,116,73,-37.07,"7,112",287,284,234,276,543,292,-46.22,"38,767",10,21,14,21,36,26,-27.78,"3,695",15,13,8,12,15,0,-100,0,91,71,109,68,230,63,-72.61,"21,471","-74,12866940273511","4,636789034389064"
371,UPZ14,Usaquen,Ene-Sep,1,0,0,1,0,0,3,0,791,77,58,47,88,214,56,-73.83,"13,261",747,901,505,627,"1,802",952,-47.17,"109,907",70,64,49,40,128,39,-69.53,"5,504",4,5,5,10,14,-78.57,"2,900",65,40,27,30,91,24,-73.63,"5,731",87,109,98,79,205,81,-60.49,"7,112",396,365,283,305,719,316,-56.05,"38,767",1,5,12,3,7,2,-71.43,"3,695",10,14,13,15,19,0,-100,0,60,41,84,66,445,81,-81.80,"21,471","-74,03143677025625","4,693142206515954"
372,UPZ67,Lucero,Ene-Sep,51,39,62,41,93,54,17,-41.94,791,566,588,356,480,950,335,-64.74,"13,261",537,657,626,881,"1,996","1,253",-37.22,"109,907",104,118,74,62,178,55,-69.10,"5,504",25,12,32,37,94,-81.91,"2,900",10,13,34,58,66,36,-45.45,"5,731",110,95,61,79,163,68,-58.28,"7,112",370,332,420,506,959,381,-60.27,"38,767",77,68,43,105,225,109,-51.56,"3,695",122,124,105,127,202,0,-100,0,939,580,720,599,"2,392","1,069",-55.31,"21,471","-74,14954670933359","4,549873753962582"
373,UPZ57,Gran Yomasa,Ene-Sep,26,20,14,22,20,17,45,-15,791,406,365,283,347,630,221,-64.92,"13,261",440,581,486,690,"1,271",814,-35.96,"109,907",106,119,81,77,126,79,-37.30,"5,504",19,36,20,34,58,-22.41,"2,900",10,8,20,22,16,14,-12.50,"5,731",139,127,64,73,104,49,-52.88,"7,112",276,283,320,421,586,257,-56.14,"38,767",56,37,35,62,109,66,-39.45,"3,695",76,114,78,101,122,0,-100,0,538,435,580,546,"1,103",425,-61.47,"21,471","-74,11094216840412","4,515859837123605"
342,UPZ71,Tibabuyes,Ene-Sep,34,14,23,15,42,20,52,-52.38,791,541,342,342,373,795,389,-51.07,"13,261",810,927,800,"1,063","2,396","1,310",-45.33,"109,907",177,157,140,155,210,101,-51.90,"5,504",54,54,51,47,64,-18.75,"2,900",118,85,168,166,336,110,-67.26,"5,731",89,86,87,75,93,72,-22.58,"7,112",520,415,427,556,"1,031",479,-53.54,"38,767",57,79,95,100,177,102,-42.37,"3,695",149,140,117,141,173,0,-100,0,"1,015","1,051",952,897,"1,490",931,-37.52,"21,471","-74,11436631845552","4,745965834877601"
343,UPZ30,Boyaca Real,Ene-Sep,5,3,3,4,4,3,50,-25,791,286,209,170,227,591,224,-62.10,"13,261","1,238","1,402","1,093","1,466","3,354","1,922",-42.70,"109,907",169,170,137,127,204,126,-38.24,"5,504",65,55,35,70,80,-37.50,"2,900",134,126,191,154,314,143,-54.46,"5,731",203,185,162,133,220,125,-43.18,"7,112",823,688,642,745,"1,403",697,-50.32,"38,767",52,46,32,59,123,66,-46.34,"3,695",58,49,42,59,95,0,-100,0,415,377,490,373,"1,226",253,-79.36,"21,471","-74,10361253584358","4,694854406699924"
344,UPZ47,Kennedy Central,Ene-Sep,3,7,3,15,14,7,64,-50,791,273,239,131,217,471,183,-61.15,"13,261",759,970,659,831,"2,056","1,164",-43.39,"109,907",108,121,72,75,109,60,-44.95,"5,504",86,63,50,62,137,-53.28,"2,900",109,119,140,121,335,136,-59.40,"5,731",227,191,102,92,174,72,-58.62,"7,112",541,396,321,368,837,370,-55.79,"38,767",89,73,45,48,231,96,-58.44,"3,695",50,65,41,47,75,0,-100,0,309,389,357,295,611,224,-63.34,"21,471","-74,15631620235668","4,621781184348163"
345,UPZ73,Garces Navas,Ene-Sep,2,8,7,5,18,7,66,-61.11,791,223,212,139,237,427,191,-55.27,"13,261",893,"1,070","1,009","1,372","3,042","1,733",-43.03,"109,907",165,192,136,118,278,212,-23.74,"5,504",84,61,66,63,90,-26.67,"2,900",130,160,201,196,320,165,-48.44,"5,731",226,273,127,109,244,76,-68.85,"7,112",535,531,564,710,"1,447",650,-55.08,"38,767",105,64,51,68,191,105,-45.03,"3,695",54,63,58,68,62,0,-100,0,409,426,521,479,"1,111",295,-73.45,"21,471","-74,12438088636749","4,714067568889054"
346,UPZ99,Chapinero,Ene-Sep,4,6,1,1,16,3,4,-81.25,791,174,147,66,97,316,96,-69.62,"13,261","2,348","3,296","1,166","1,453","5,046","2,481",-50.83,"109,907",66,82,57,66,83,42,-49.40,"5,504",14,10,10,12,22,-81.82,"2,900",98,80,98,47,138,44,-68.12,"5,731",358,417,215,194,340,139,-59.12,"7,112","1,485","1,685",686,880,"2,906",988,-66,"38,767",11,6,4,9,38,17,-55.26,"3,695",20,23,21,19,51,0,-100,0,75,78,75,61,319,58,-81.82,"21,471","-74,06382882029317","4,63849494094358"
347,UPZ52,La Flora,Ene-Sep,3,12,1,2,10,5,3,-50,791,69,59,63,94,159,36,-77.36,"13,261",43,39,66,54,195,75,-61.54,"109,907",17,11,9,11,20,3,-85,"5,504",5,6,4,1,8,-62.50,"2,900",1,2,2,3,10,2,-80,"5,731",7,16,11,5,9,5,-44.44,"7,112",21,16,39,26,94,19,-79.79,"38,767",4,9,4,4,14,3,-78.57,"3,695",19,26,21,28,25,0,-100,0,94,106,141,160,270,96,-64.44,"21,471","-74,08939553663899","4,506976721459855"
348,UPZ10,La Uribe,Ene-Sep,1,1,4,0,2,1,5,-50,791,65,42,30,34,88,36,-59.09,"13,261",530,661,288,355,775,404,-47.87,"109,907",29,33,37,25,42,34,-19.05,"5,504",10,4,2,7,17,-70.59,"2,900",49,45,58,42,45,19,-57.78,"5,731",124,208,106,77,161,55,-65.84,"7,112",358,312,158,191,354,141,-60.17,"38,767",3,7,7,4,2,2,0,"3,695",19,14,10,8,13,0,-100,0,66,90,77,45,114,45,-60.53,"21,471","-74,03096172466397","4,751145388424158"
349,UPZ9,Verbenal,Ene-Sep,8,5,13,12,18,8,28,-55.56,791,246,178,135,183,298,123,-58.72,"13,261",447,511,372,434,923,470,-49.08,"109,907",98,81,52,63,88,33,-62.50,"5,504",38,16,14,24,34,-17.65,"2,900",34,42,51,45,75,24,-68,"5,731",97,69,26,28,85,30,-64.71,"7,112",273,223,190,252,427,141,-66.98,"38,767",19,22,19,36,45,36,-20,"3,695",67,63,49,56,67,0,-100,0,375,410,402,321,539,260,-51.76,"21,471","-74,03327342952548","4,7633668802971165"
350,UPZ69,Ismael Perdomo,Ene-Sep,42,26,27,41,76,27,64,-64.47,791,338,369,251,307,565,264,-53.27,"13,261",633,801,626,908,"1,639",945,-42.34,"109,907",100,102,77,70,123,74,-39.84,"5,504",37,41,39,64,117,-45.30,"2,900",41,42,50,50,72,30,-58.33,"5,731",95,94,56,67,112,52,-53.57,"7,112",452,421,402,574,854,330,-61.36,"38,767",108,71,71,118,186,96,-48.39,"3,695",97,109,68,107,115,0,-100,0,801,740,671,595,"1,136",521,-54.14,"21,471","-74,17093612932904","4,585334160231772"
351,UPZ19,El Prado,Ene-Sep,3,6,1,1,6,2,33,-66.67,791,130,116,61,95,235,94,-60,"13,261","1,201","1,264",802,795,"2,682","1,575",-41.28,"109,907",105,74,92,62,114,90,-21.05,"5,504",25,34,28,32,53,-37.74,"2,900",102,81,124,85,148,67,-54.73,"5,731",177,122,108,98,186,82,-55.91,"7,112",824,624,456,437,"1,540",685,-55.52,"38,767",9,5,8,14,33,13,-60.61,"3,695",24,14,16,25,29,0,-100,0,182,194,168,182,376,124,-67.02,"21,471","-74,05684620496702","4,724176743554546"
352,UPZ42,Venecia,Ene-Sep,10,32,11,15,26,7,80,-73.08,791,536,561,283,295,528,261,-50.57,"13,261","1,289","1,501","1,112","1,316","2,822","1,276",-54.78,"109,907",121,84,77,71,116,84,-27.59,"5,504",59,42,48,40,108,-25.93,"2,900",89,84,148,130,172,62,-63.95,"5,731",218,198,166,112,161,79,-50.93,"7,112",856,741,662,707,"1,396",419,-69.99,"38,767",63,46,51,53,106,80,-24.53,"3,695",78,81,64,66,113,0,-100,0,545,638,546,452,"1,074",332,-69.09,"21,471","-74,13942101729747","4,582924584113517"
353,UPZ34,20 De Julio,Ene-Sep,4,1,4,7,16,7,26,-56.25,791,283,284,136,220,424,157,-62.97,"13,261",604,720,550,743,"1,349",654,-51.52,"109,907",79,62,44,52,65,48,-26.15,"5,504",31,31,27,18,41,-36.59,"2,900",12,15,16,39,46,29,-36.96,"5,731",122,186,115,76,96,46,-52.08,"7,112",424,369,364,446,734,229,-68.80,"38,767",38,50,44,37,78,52,-33.33,"3,695",66,67,43,47,62,0,-100,0,386,386,349,326,661,246,-62.78,"21,471","-74,0948257914166","4,5650811940933425"
354,UPZ38,Restrepo,Ene-Sep,11,5,3,10,20,11,71,-45,791,324,270,129,249,480,155,-67.71,"13,261",997,"1,372",975,"1,368","2,988","1,744",-41.63,"109,907",72,82,97,93,109,55,-49.54,"5,504",67,66,69,62,109,-34.86,"2,900",76,57,119,84,182,71,-60.99,"5,731",476,502,270,290,550,173,-68.55,"7,112",649,694,552,783,"1,426",655,-54.07,"38,767",28,50,48,53,115,47,-59.13,"3,695",36,43,30,66,66,0,-100,0,263,232,255,265,724,210,-70.99,"21,471","-74,10650055873359","4,590698424125771"
355,UPZ58,Comuneros,Ene-Sep,10,9,5,9,25,7,23,-72,791,282,246,229,293,574,176,-69.34,"13,261",291,347,326,424,"1,044",660,-36.78,"109,907",85,87,71,64,73,81,10.96,"5,504",11,23,16,14,32,-28.13,"2,900",6,3,24,15,10,12,20,"5,731",44,70,46,53,82,46,-43.90,"7,112",195,159,191,229,485,227,-53.20,"38,767",34,34,22,49,85,47,-44.71,"3,695",70,94,62,71,134,0,-100,0,319,421,391,377,"1,157",320,-72.34,"21,471","-74,11760626788701","4,502574962405878"
356,UPZ77,Zona Franca,Ene-Sep,1,0,1,4,8,1,14,-87.50,791,87,68,55,57,126,61,-51.59,"13,261",202,292,289,292,703,337,-52.06,"109,907",25,27,12,21,18,14,-22.22,"5,504",34,12,15,12,18,-22.22,"2,900",27,34,47,53,119,46,-61.34,"5,731",125,93,56,48,73,41,-43.84,"7,112",116,119,153,126,706,114,-83.85,"38,767",18,11,27,21,41,15,-63.41,"3,695",14,24,17,24,19,0,-100,0,137,199,158,124,318,106,-66.67,"21,471","-74,16132915483077","4,676125886978281"
357,UPZ35,Ciudad Jardin,Ene-Sep,1,2,5,2,8,1,17,-87.50,791,87,70,53,78,120,34,-71.67,"13,261",287,376,336,467,980,481,-50.92,"109,907",36,33,36,25,40,22,-45,"5,504",20,20,20,17,33,-48.48,"2,900",11,9,27,27,48,17,-64.58,"5,731",32,28,31,57,89,22,-75.28,"7,112",216,194,230,285,490,183,-62.65,"38,767",12,16,17,16,32,10,-68.75,"3,695",18,13,12,11,15,0,-100,0,88,86,106,71,146,64,-56.16,"21,471","-74,09310356599123","4,583638348829751"
358,UPZ36,San Jose,Ene-Sep,7,1,4,6,8,6,36,-25,791,133,143,102,93,184,95,-48.37,"13,261",415,496,364,532,"1,056",702,-33.52,"109,907",54,43,46,38,59,47,-20.34,"5,504",31,28,30,18,38,-5.26,"2,900",18,12,30,28,50,21,-58,"5,731",52,62,44,49,64,61,-4.69,"7,112",276,226,234,343,550,264,-52,"38,767",32,33,16,35,62,40,-35.48,"3,695",27,33,20,20,45,0,-100,0,120,149,131,120,307,86,-71.99,"21,471","-74,10433858987253","4,573736495597945"
359,UPZ44,Americas,Ene-Sep,7,7,6,11,8,6,99,-25,791,231,212,137,151,299,141,-52.84,"13,261","1,199","1,432",870,"1,056","2,539","1,762",-30.60,"109,907",89,99,75,66,133,75,-43.61,"5,504",74,95,56,63,103,-3.88,"2,900",80,67,138,83,195,88,-54.87,"5,731",206,197,104,100,140,91,-35,"7,112",802,691,526,593,"1,281",628,-50.98,"38,767",39,35,26,42,79,53,-32.91,"3,695",31,34,31,37,49,0,-100,0,169,221,298,204,464,166,-64.22,"21,471","-74,13444028987192","4,622800090689898"
360,UPZ32,San Blas,Ene-Sep,10,7,5,7,12,5,30,-58.33,791,332,220,173,194,348,162,-53.45,"13,261",236,284,264,410,897,464,-48.27,"109,907",74,61,41,26,60,53,-11.67,"5,504",12,22,18,23,35,-14.29,"2,900",9,7,9,18,35,10,-71.43,"5,731",49,62,31,26,80,52,-35,"7,112",150,177,170,207,413,161,-61.02,"38,767",27,28,40,48,88,37,-57.95,"3,695",49,68,56,57,68,0,-100,0,480,464,485,395,666,355,-46.70,"21,471","-74,0812801882573","4,56226776392246"
361,UPZ62,Tunjuelito,Ene-Sep,9,1,2,6,8,7,27,-12.50,791,144,135,95,153,235,96,-59.15,"13,261",316,379,298,449,932,385,-58.69,"109,907",41,39,39,40,32,29,-9.38,"5,504",21,9,8,6,13,107.69,"2,900",12,18,33,47,54,14,-74.07,"5,731",62,64,57,45,84,43,-48.81,"7,112",183,184,175,220,394,135,-65.74,"38,767",30,18,21,32,39,20,-48.72,"3,695",38,42,23,40,48,0,-100,0,182,179,159,189,592,152,-74.32,"21,471","-74,12902824592487","4,5584436826719745"
362,UPZ82,Patio Bonito,Ene-Sep,31,26,26,39,49,22,67,-55.10,791,490,406,222,363,693,265,-61.76,"13,261","1,142","1,408",950,"1,266","2,408","1,580",-34.39,"109,907",140,129,89,85,168,65,-61.31,"5,504",60,41,51,41,57,17.54,"2,900",103,146,222,201,238,159,-33.19,"5,731",189,101,69,93,148,56,-62.16,"7,112",772,905,453,664,"1,107",553,-50.05,"38,767",112,115,66,99,209,92,-55.98,"3,695",91,91,94,71,81,0,-100,0,599,665,643,539,"1,302",411,-68.43,"21,471","-74,17034809755746","4,640808125521836"
363,UPZ40,Ciudad Montes,Ene-Sep,3,12,4,6,8,4,78,-50,791,232,145,96,158,377,139,-63.13,"13,261",818,894,823,"1,046","2,486","1,449",-41.71,"109,907",117,112,141,143,142,77,-45.77,"5,504",107,104,81,77,190,-58.95,"2,900",69,44,112,95,132,60,-54.55,"5,731",137,160,89,113,169,65,-61.54,"7,112",529,413,487,579,"1,229",518,-57.85,"38,767",43,59,22,46,120,68,-43.33,"3,695",28,34,37,50,72,0,-100,0,276,342,297,478,523,211,-59.66,"21,471","-74,11236172406137","4,607028706281296"
364,UPR3,Upr Rio Tunjuelo,Ene-Sep,16,17,7,12,22,15,3,-31.82,791,55,46,40,52,86,50,-41.86,"13,261",9,19,16,26,68,65,-4.41,"109,907",3,6,5,4,8,3,-62.50,"5,504",3,1,2,1,9,-66.67,"2,900",0,0,0,2,0,0,0,"5,731",4,4,5,7,6,7,16.67,"7,112",6,9,8,13,30,19,-36.67,"38,767",2,4,3,11,28,9,-67.86,"3,695",12,20,7,19,13,0,-100,0,41,50,71,67,223,131,-41.26,"21,471","-74,15840977192953","4,3963461569168105"
365,UPZ28,El Rincon,Ene-Sep,17,25,13,16,27,22,31,-18.52,791,604,435,357,526,"1,131",389,-65.61,"13,261","1,461","1,602","1,270","1,650","3,992","2,351",-41.11,"109,907",236,244,181,174,242,156,-35.54,"5,504",58,55,40,34,87,-64.37,"2,900",188,203,244,225,444,221,-50.23,"5,731",233,233,175,114,268,120,-55.22,"7,112",954,806,835,932,"1,759",805,-54.24,"38,767",96,111,70,136,262,96,-63.36,"3,695",115,140,91,116,228,0,-100,0,881,946,880,840,"2,424",897,-63,"21,471","-74,09445916602377","4,731901035382993"
366,UPZ98,Los Alcazares,Ene-Sep,3,3,3,7,14,13,35,-7.14,791,208,177,98,153,447,151,-66.22,"13,261","1,525","1,911","1,087","1,364","3,358","2,511",-25.22,"109,907",108,96,112,100,159,87,-45.28,"5,504",35,38,30,41,43,-18.60,"2,900",127,113,107,124,156,127,-18.59,"5,731",253,266,189,192,317,194,-38.80,"7,112","1,026",962,652,702,"1,577",946,-40.01,"38,767",30,30,25,38,81,42,-48.15,"3,695",35,30,31,41,52,0,-100,0,150,153,177,206,734,128,-82.56,"21,471","-74,06818628285568","4,66243803607171"
367,UPZ61,Ciudad Usme,Ene-Sep,6,3,6,4,14,6,3,-57.14,791,100,88,51,82,130,56,-56.92,"13,261",64,91,58,78,220,187,-15,"109,907",27,20,17,9,25,21,-16,"5,504",2,3,6,2,10,-70,"2,900",2,4,5,11,4,2,-50,"5,731",22,20,11,8,25,19,-24,"7,112",30,40,32,35,97,62,-36.08,"38,767",3,3,9,5,15,5,-66.67,"3,695",33,26,23,17,26,0,-100,0,130,168,134,95,165,82,-50.30,"21,471","-74,11158447565937","4,479741328065926"
369,UPZ37,Santa Isabel,Ene-Sep,6,8,2,9,6,4,19,-33.33,791,147,102,87,101,346,95,-72.54,"13,261",514,632,487,588,"1,361",850,-37.55,"109,907",56,60,73,83,108,47,-56.48,"5,504",28,39,22,16,38,-50,"2,900",38,37,53,50,87,8,-90.80,"5,731",73,93,51,71,138,54,-60.87,"7,112",268,255,279,309,617,284,-53.97,"38,767",17,20,14,20,57,22,-61.40,"3,695",24,32,15,23,34,0,-100,0,149,144,137,143,269,117,-56.51,"21,471","-74,09572757992483","4,598407321274059"
409,UPZ2,La Academia,Ene-Sep,0,0,1,0,2,1,5,-50,791,15,3,1,7,29,6,-79.31,"13,261",118,62,18,54,173,107,-38.15,"109,907",3,0,0,3,6,1,-83.33,"5,504",2,0,0,0,6,-16.67,"2,900",2,0,0,5,4,3,-25,"5,731",17,16,7,2,16,11,-31.25,"7,112",80,30,11,27,93,38,-59.14,"38,767",2,1,0,2,0,0,0,"3,695",4,4,0,2,3,0,-100,0,2,2,0,2,13,7,-46.15,"21,471","-74,04915137484052","4,785227897854102"
410,UPZ78,Tintal Norte,Ene-Sep,2,0,3,8,8,3,10,-62.50,791,33,52,30,30,82,33,-59.76,"13,261",150,166,140,209,434,300,-30.88,"109,907",10,10,12,7,10,5,-50,"5,504",20,14,16,31,26,-61.54,"2,900",26,19,27,43,88,40,-54.55,"5,731",23,28,17,16,31,15,-51.61,"7,112",80,72,67,93,186,89,-52.15,"38,767",16,26,18,16,36,23,-36.11,"3,695",11,8,9,13,9,0,-100,0,45,69,70,64,166,33,-80.12,"21,471","-74,15316180802331","4,657269993902038"
411,UPZ83,Las Margaritas,Ene-Sep,7,0,2,4,8,5,22,-37.50,791,60,38,30,58,96,30,-68.75,"13,261",181,263,113,179,576,301,-47.74,"109,907",6,16,7,6,8,6,-25,"5,504",18,10,13,12,42,-47.62,"2,900",13,29,20,29,45,32,-28.89,"5,731",12,10,5,15,12,4,-66.67,"7,112",121,146,60,85,304,113,-62.83,"38,767",13,11,9,7,28,10,-64.29,"3,695",11,14,8,16,13,0,-100,0,61,72,77,55,127,48,-62.20,"21,471","-74,17835385181162","4,637108309893359"
413,UPZ90,Pardo Rubio,Ene-Sep,0,0,0,1,0,0,6,0,791,129,77,67,62,180,77,-57.22,"13,261",595,620,367,516,"1,400",703,-49.79,"109,907",81,89,74,51,124,50,-59.68,"5,504",8,12,6,6,21,-71.43,"2,900",35,25,27,33,47,6,-87.23,"5,731",99,81,58,42,102,43,-57.84,"7,112",342,289,201,280,652,214,-67.18,"38,767",0,5,7,9,32,7,-78.13,"3,695",35,28,17,22,36,0,-100,0,127,93,115,97,454,90,-80.18,"21,471","-74,05657117859715","4,640909643593059"
414,UPZ16,Santa Barbara,Ene-Sep,2,2,6,3,4,3,11,-25,791,111,91,34,57,90,61,-32.22,"13,261","1,746","2,217","1,113","1,481","2,821","1,361",-51.75,"109,907",134,99,99,83,185,89,-51.89,"5,504",6,4,7,13,13,-15.38,"2,900",138,102,92,65,125,26,-79.20,"5,731",242,253,219,176,320,152,-52.50,"7,112","1,009",976,642,825,"1,322",539,-59.23,"38,767",5,8,10,11,7,5,-28.57,"3,695",15,21,12,16,17,0,-100,0,70,57,63,62,117,64,-45.30,"21,471","-74,04577528768364","4,696057836377162"
415,UPZ114,Modelia,Ene-Sep,0,2,2,0,2,3,20,50,791,100,50,21,56,148,60,-59.46,"13,261",588,743,444,542,"1,616",898,-44.43,"109,907",60,60,48,60,172,59,-65.70,"5,504",15,10,11,27,51,-60.78,"2,900",49,60,60,40,144,48,-66.67,"5,731",82,79,54,48,114,52,-54.39,"7,112",335,326,222,274,718,326,-54.60,"38,767",7,9,8,11,17,10,-41.18,"3,695",11,12,9,16,17,0,-100,0,67,75,84,86,215,84,-60.93,"21,471","-74,12241670464782","4,666485384889461"
375,UPZ103,Parque Salitre,Ene-Sep,1,0,0,0,0,1,4,100,791,19,18,4,13,39,17,-56.41,"13,261",137,191,85,108,250,184,-26.40,"109,907",2,6,2,1,6,1,-83.33,"5,504",3,3,0,2,2,100,"2,900",10,12,16,19,20,19,-5,"5,731",15,19,4,12,23,7,-69.57,"7,112",91,99,58,52,153,64,-58.17,"38,767",0,1,0,1,8,0,-100,"3,695",1,4,1,10,0,0,0,0,13,14,4,35,27,5,-81.48,"21,471","-74,08539877987769","4,661106455122858"
376,UPZ93,Las Nieves,Ene-Sep,7,8,10,16,32,11,4,-65.63,791,350,277,155,167,409,182,-55.50,"13,261","3,132","3,455","1,553","1,810","6,164","3,329",-45.99,"109,907",47,24,29,20,58,20,-65.52,"5,504",7,9,10,7,9,-55.56,"2,900",50,47,44,62,116,42,-63.79,"5,731",358,370,185,241,381,184,-51.71,"7,112","2,170","1,816",982,"1,054","3,564","1,366",-61.67,"38,767",8,10,2,15,20,15,-25,"3,695",33,29,19,29,29,0,-100,0,97,84,104,87,377,81,-78.51,"21,471","-74,0741635646646","4,604978847770582"
377,UPZ1,Paseo De Los Libertadores,Ene-Sep,0,0,1,3,8,0,2,-100,791,20,11,5,9,21,10,-52.38,"13,261",299,134,68,91,172,68,-60.47,"109,907",2,3,1,0,6,2,-66.67,"5,504",2,4,0,1,0,100,"2,900",5,5,10,9,2,1,-50,"5,731",25,52,9,18,13,8,-38.46,"7,112",240,68,33,49,87,25,-71.26,"38,767",3,2,2,2,2,0,-100,"3,695",0,1,0,5,0,0,0,0,10,11,9,8,13,0,-100,"21,471","-74,03373463169939","4,791482693327691"
378,UPZ105,Jardin Botanico,Ene-Sep,0,0,0,1,0,0,1,0,791,26,15,5,5,61,20,-67.21,"13,261",181,205,120,145,352,270,-23.30,"109,907",3,3,3,2,4,6,50,"5,504",1,0,0,0,4,-75,"2,900",9,17,16,13,51,19,-62.75,"5,731",19,12,13,13,37,21,-43.24,"7,112",125,101,79,89,212,109,-48.58,"38,767",1,1,0,2,0,0,0,"3,695",1,4,0,3,6,0,-100,0,10,8,8,8,28,10,-64.29,"21,471","-74,1018609952756","4,662940860565654"
379,UPZ17,San Jose De Bavaria,Ene-Sep,1,4,1,3,6,1,21,-83.33,791,63,31,43,48,84,39,-53.57,"13,261",599,721,390,504,"1,443",964,-33.19,"109,907",52,37,34,35,69,46,-33.33,"5,504",11,20,17,13,51,-58.82,"2,900",41,29,41,45,102,36,-64.71,"5,731",127,178,67,70,138,75,-45.65,"7,112",359,366,210,270,750,400,-46.67,"38,767",5,10,12,9,10,10,0,"3,695",16,14,14,14,18,0,-100,0,91,87,87,75,168,62,-63.10,"21,471","-74,05573056046931","4,762617490683724"
380,UPZ79,Calandaima,Ene-Sep,5,11,7,7,8,11,61,37.50,791,183,148,83,157,226,100,-55.75,"13,261",428,509,426,586,"1,199",764,-36.28,"109,907",68,54,41,43,58,50,-13.79,"5,504",57,52,51,71,126,-51.59,"2,900",47,63,108,111,292,109,-62.67,"5,731",88,64,40,49,33,27,-18.18,"7,112",273,198,159,285,515,246,-52.23,"38,767",67,65,39,47,137,55,-59.85,"3,695",45,56,40,37,52,0,-100,0,309,336,296,252,507,165,-67.46,"21,471","-74,1621124388491","4,6487558986716095"
381,UPZ56,Danubio,Ene-Sep,2,9,3,5,8,8,11,0,791,171,200,98,121,201,95,-52.74,"13,261",283,377,253,249,696,383,-44.97,"109,907",30,33,25,23,58,17,-70.69,"5,504",9,10,5,7,12,-8.33,"2,900",4,3,10,5,20,8,-60,"5,731",62,153,74,50,95,33,-65.26,"7,112",203,207,153,138,367,140,-61.85,"38,767",6,24,12,18,51,25,-50.98,"3,695",28,35,25,32,32,0,-100,0,198,173,224,238,472,158,-66.53,"21,471","-74,11603704585922","4,535363946386261"
382,UPZ18,Britalia,Ene-Sep,1,1,0,1,0,2,17,100,791,75,56,46,52,137,54,-60.58,"13,261",530,529,415,451,"1,298",986,-24.04,"109,907",87,67,47,51,89,61,-31.46,"5,504",18,18,16,23,42,-59.52,"2,900",94,61,69,55,138,55,-60.14,"5,731",55,43,57,26,61,34,-44.26,"7,112",308,254,235,238,628,417,-33.60,"38,767",4,10,4,4,10,9,-10,"3,695",24,27,10,22,18,0,-100,0,134,184,170,137,252,137,-45.63,"21,471","-74,05682380296119","4,747592365162064"
383,UPZ91,Sagrado Corazon,Ene-Sep,0,0,1,1,2,2,7,0,791,157,70,50,132,338,107,-68.34,"13,261","1,182","1,278",473,653,"2,183","1,269",-41.87,"109,907",24,22,11,22,44,17,-61.36,"5,504",5,5,3,9,16,-56.25,"2,900",68,42,27,28,69,31,-55.07,"5,731",228,151,96,121,209,59,-71.77,"7,112",724,605,279,315,"1,018",401,-60.61,"38,767",8,4,2,12,11,6,-45.45,"3,695",34,14,15,102,111,0,-100,0,71,24,26,280,437,286,-34.55,"21,471","-74,06593684138778","4,6198814312476895"
384,UPZ76,Fontibon San Pablo,Ene-Sep,1,3,3,3,0,2,10,100,791,80,57,51,68,189,74,-60.85,"13,261",167,213,138,290,"1,049",549,-47.66,"109,907",19,39,37,39,64,44,-31.25,"5,504",14,12,12,10,14,-28.57,"2,900",21,27,25,48,98,39,-60.20,"5,731",46,35,16,46,147,32,-78.23,"7,112",90,97,70,150,470,187,-60.21,"38,767",17,5,8,6,8,15,87.50,"3,695",15,21,20,15,30,0,-100,0,124,133,136,84,683,90,-86.82,"21,471","-74,16060568429305","4,694824759552753"
386,UPZ87,Tintal Sur,Ene-Sep,7,9,4,9,12,19,15,58.33,791,186,209,109,182,282,140,-50.35,"13,261",215,282,276,392,776,380,-51.03,"109,907",73,60,53,37,65,26,-60,"5,504",11,11,5,15,34,-55.88,"2,900",35,38,91,76,66,29,-56.06,"5,731",36,43,24,19,24,14,-41.67,"7,112",122,111,121,188,375,122,-67.47,"38,767",24,27,17,30,80,46,-42.50,"3,695",50,89,54,48,59,0,-100,0,351,402,405,334,486,250,-48.56,"21,471","-74,21028057343607","4,62948960416288"
387,UPZ31,Santa Cecilia,Ene-Sep,2,3,2,1,6,3,27,-50,791,143,92,65,82,216,88,-59.26,"13,261",863,966,713,965,"2,181","1,340",-38.56,"109,907",113,86,74,66,119,77,-35.29,"5,504",27,32,26,35,48,-43.75,"2,900",116,102,132,144,225,118,-47.56,"5,731",118,112,90,70,168,88,-47.62,"7,112",574,452,395,521,"1,033",487,-52.86,"38,767",18,28,22,51,37,44,18.92,"3,695",32,29,16,18,37,0,-100,0,185,178,192,205,427,109,-74.47,"21,471","-74,10815409303174","4,676938635809408"
388,UPZ117,Aeropuerto El Dorado,Ene-Sep,0,0,0,2,0,0,6,0,791,15,22,6,29,47,27,-42.55,"13,261",125,277,129,171,574,525,-8.54,"109,907",2,0,1,2,7,1,-85.71,"5,504",1,1,1,2,4,50,"2,900",7,8,4,11,32,30,-6.25,"5,731",34,32,26,30,37,5,-86.49,"7,112",63,284,50,70,218,112,-48.62,"38,767",2,0,4,1,1,9,800,"3,695",33,2,2,3,0,0,0,0,9,10,4,9,19,4,-78.95,"21,471","-74,1423960785283","4,69892844961289"
389,UPZ92,La Macarena,Ene-Sep,1,0,1,3,12,2,3,-83.33,791,62,38,27,41,91,32,-64.84,"13,261",396,414,231,246,725,383,-47.17,"109,907",14,15,13,9,18,15,-16.67,"5,504",3,1,1,1,3,0,"2,900",7,10,14,13,24,11,-54.17,"5,731",48,36,13,12,45,14,-68.89,"7,112",257,206,129,130,379,135,-64.38,"38,767",3,1,2,1,2,6,200,"3,695",10,13,17,5,8,0,-100,0,37,25,60,44,83,28,-66.27,"21,471","-74,06464877575284","4,610507804301579"
390,UPZ33,Sosiego,Ene-Sep,1,4,5,4,8,0,23,-100,791,155,142,101,124,257,117,-54.47,"13,261",369,434,382,560,"1,232",587,-52.35,"109,907",45,43,51,60,64,38,-40.63,"5,504",25,24,19,22,25,-8,"2,900",18,12,58,67,91,26,-71.43,"5,731",74,76,70,55,107,39,-63.55,"7,112",253,208,253,268,526,209,-60.27,"38,767",33,28,22,25,62,25,-59.68,"3,695",35,37,22,27,62,0,-100,0,185,162,188,144,597,279,-53.27,"21,471","-74,0855202216491","4,578078864867"
391,UPZ41,Muzu,Ene-Sep,4,1,0,5,12,0,50,-100,791,161,127,78,106,263,78,-70.34,"13,261",562,614,564,805,"1,718",982,-42.84,"109,907",83,52,55,74,112,54,-51.79,"5,504",69,65,64,71,98,-48.98,"2,900",29,28,68,57,87,43,-50.57,"5,731",140,125,94,97,188,78,-58.51,"7,112",390,298,355,436,878,388,-55.81,"38,767",26,25,26,45,62,33,-46.77,"3,695",30,17,15,27,66,0,-100,0,163,174,168,168,397,151,-61.96,"21,471","-74,12644813473177","4,599024996502991"
392,UPZ88,El Refugio,Ene-Sep,0,0,0,2,0,0,2,0,791,47,31,25,52,94,25,-73.40,"13,261",559,739,382,576,"1,382",736,-46.74,"109,907",97,65,37,50,89,49,-44.94,"5,504",3,3,4,2,5,-60,"2,900",47,34,26,31,67,10,-85.07,"5,731",121,150,81,50,104,42,-59.62,"7,112",286,293,227,282,596,260,-56.38,"38,767",1,2,1,5,6,7,16.67,"3,695",10,7,9,10,22,0,-100,0,21,20,42,49,146,61,-58.22,"21,471","-74,0466675219965","4,666004720343619"
393,UPZ104,Parque Simon Bolivar - Can,Ene-Sep,0,0,0,0,2,0,7,-100,791,63,38,13,33,120,69,-42.50,"13,261",578,757,343,338,890,728,-18.20,"109,907",12,14,9,13,21,8,-61.90,"5,504",3,8,4,1,2,250,"2,900",61,60,42,41,73,35,-52.05,"5,731",79,65,22,27,96,34,-64.58,"7,112",406,387,206,179,510,307,-39.80,"38,767",4,4,2,4,4,4,0,"3,695",21,39,16,25,18,0,-100,0,32,16,15,194,65,34,-47.69,"21,471","-74,09133293395634","4,647745255618484"
394,UPZ49,Apogeo,Ene-Sep,3,3,1,4,4,2,8,-50,791,101,76,51,58,169,45,-73.37,"13,261",545,496,286,377,665,316,-52.48,"109,907",24,31,23,24,30,12,-60,"5,504",6,13,9,18,23,-65.22,"2,900",16,17,28,33,52,11,-78.85,"5,731",44,25,18,27,51,23,-54.90,"7,112",433,275,174,229,347,102,-70.61,"38,767",25,12,21,26,34,18,-47.06,"3,695",11,12,17,28,21,0,-100,0,144,163,145,129,229,91,-60.26,"21,471","-74,16507646835997","4,600309348354419"
395,UPZ95,Las Cruces,Ene-Sep,5,9,6,8,32,15,1,-53.13,791,143,98,99,81,206,60,-70.87,"13,261",377,439,381,452,"1,075",675,-37.21,"109,907",35,24,21,12,26,32,23.08,"5,504",4,4,7,4,4,-75,"2,900",26,14,64,90,65,34,-47.69,"5,731",57,48,30,55,56,42,-25,"7,112",239,196,228,225,355,161,-54.65,"38,767",7,2,3,5,16,3,-81.25,"3,695",16,36,10,18,23,0,-100,0,95,93,104,86,285,88,-69.12,"21,471","-74,0821650988828","4,590334354544646"
396,UPZ60,Parque Entrenubes,Ene-Sep,0,0,0,0,0,0,1,0,791,7,15,5,4,6,4,-33.33,"13,261",8,14,6,12,35,13,-62.86,"109,907",4,2,1,1,1,1,0,"5,504",2,0,0,0,0,100,"2,900",0,0,0,0,4,0,-100,"5,731",1,0,1,2,1,1,0,"7,112",5,8,5,8,23,5,-78.26,"38,767",0,0,1,0,2,2,0,"3,695",2,3,8,8,1,0,-100,0,6,11,14,13,5,7,40,"21,471","-74,10090143686016","4,527282639506585"
397,UPZ100,Galerias,Ene-Sep,1,2,2,2,11,8,26,-27.27,791,141,88,57,96,204,109,-46.57,"13,261","1,218","1,573",749,"1,012","3,082","2,427",-21.25,"109,907",102,112,80,86,137,80,-41.61,"5,504",19,21,12,14,24,8.33,"2,900",72,88,65,106,120,95,-20.83,"5,731",206,199,144,120,235,86,-63.40,"7,112",791,785,435,512,"1,726",968,-43.92,"38,767",10,10,7,14,40,21,-47.50,"3,695",25,33,9,28,28,0,-100,0,118,78,96,116,202,57,-71.78,"21,471","-74,07275430377192","4,64354357790438"
398,UPZ13,Los Cedros,Ene-Sep,1,1,2,0,0,1,17,100,791,144,75,62,120,202,81,-59.90,"13,261","1,462","1,877","1,138","1,262","2,878","1,503",-47.78,"109,907",154,131,106,122,249,121,-51.41,"5,504",16,13,18,19,39,-56.41,"2,900",177,126,148,92,237,85,-64.14,"5,731",176,173,152,132,267,120,-55.06,"7,112",841,759,670,641,"1,238",475,-61.63,"38,767",6,7,11,11,14,6,-57.14,"3,695",15,29,19,35,39,0,-100,0,128,145,158,201,382,126,-67.02,"21,471","-74,0361680419909","4,723784900832041"
399,UPZ12,Toberin,Ene-Sep,3,3,1,2,0,2,9,100,791,103,72,40,73,126,63,-50,"13,261",661,740,522,583,"1,287",593,-53.92,"109,907",68,47,40,38,79,30,-62.03,"5,504",20,13,12,11,37,-75.68,"2,900",85,59,81,75,74,42,-43.24,"5,731",99,112,78,98,126,60,-52.38,"7,112",455,318,288,266,622,184,-70.42,"38,767",7,8,8,9,15,11,-26.67,"3,695",28,29,18,17,15,0,-100,0,124,124,109,112,199,106,-46.73,"21,471","-74,03942960512425","4,7421264557264635"
400,UPZ43,San Rafael,Ene-Sep,2,5,4,3,0,0,62,0,791,210,178,119,123,331,166,-49.85,"13,261",689,851,619,818,"1,686",964,-42.82,"109,907",116,85,111,80,138,50,-63.77,"5,504",91,73,62,41,109,-43.12,"2,900",62,44,82,74,144,51,-64.58,"5,731",143,181,86,89,216,91,-57.87,"7,112",477,381,388,428,910,325,-64.29,"38,767",25,43,30,38,80,31,-61.25,"3,695",29,27,21,29,33,0,-100,0,226,236,261,252,377,173,-54.11,"21,471","-74,11735282808324","4,62043383109662"
401,UPZ116,Alamos,Ene-Sep,1,2,2,2,0,3,7,100,791,55,26,21,22,63,33,-47.62,"13,261",453,565,366,450,919,505,-45.05,"109,907",25,23,12,12,27,15,-44.44,"5,504",17,16,9,8,24,-70.83,"2,900",52,65,48,66,107,61,-42.99,"5,731",121,83,70,49,96,43,-55.21,"7,112",286,266,217,224,499,179,-64.13,"38,767",8,7,6,6,12,9,-25,"3,695",5,9,4,3,7,0,-100,0,44,34,45,37,58,21,-63.79,"21,471","-74,11723712721977","4,6855762431112655"
402,UPR1,Upr Zona Norte,Ene-Sep,1,3,1,0,2,1,7,-50,791,22,20,9,17,33,11,-66.67,"13,261",66,88,39,50,156,143,-8.33,"109,907",4,10,3,6,9,4,-55.56,"5,504",2,2,1,2,4,75,"2,900",10,5,10,5,15,6,-60,"5,731",17,25,14,5,6,6,0,"7,112",41,45,21,34,56,45,-19.64,"38,767",0,0,3,4,9,2,-77.78,"3,695",6,7,5,3,7,0,-100,0,11,10,8,16,29,7,-75.86,"21,471","-74,07945930008444","4,792803382410904"
403,UPZ109,Ciudad Salitre Oriental,Ene-Sep,1,0,0,0,0,0,6,0,791,46,24,15,37,60,33,-45,"13,261",568,658,304,438,901,556,-38.29,"109,907",24,16,9,15,32,16,-50,"5,504",0,4,2,2,13,-53.85,"2,900",34,31,31,25,51,16,-68.63,"5,731",131,123,79,55,127,44,-65.35,"7,112",373,282,169,239,457,196,-57.11,"38,767",4,2,2,4,8,6,-25,"3,695",13,3,9,18,9,0,-100,0,23,15,30,84,70,25,-64.29,"21,471","-74,10179383349357","4,6432626056418345"
404,UPZ27,Suba,Ene-Sep,5,3,10,3,22,4,36,-81.82,791,222,150,142,238,389,185,-52.44,"13,261","1,088","1,225",950,"1,058","2,807","1,750",-37.66,"109,907",127,111,91,85,141,74,-47.52,"5,504",33,30,31,27,39,-7.69,"2,900",147,135,196,146,340,146,-57.06,"5,731",213,232,135,108,253,141,-44.27,"7,112",717,547,532,575,"1,378",632,-54.14,"38,767",37,42,51,46,104,58,-44.23,"3,695",60,63,49,67,90,0,-100,0,400,455,572,389,"1,004",348,-65.34,"21,471","-74,08773971545139","4,7502725683426075"
405,UPZ72,Bolivia,Ene-Sep,1,1,0,1,4,2,36,-50,791,107,60,48,69,152,61,-59.87,"13,261",707,817,551,679,"1,731","1,074",-37.95,"109,907",44,44,44,44,87,40,-54.02,"5,504",50,48,28,51,92,-60.87,"2,900",79,92,81,91,162,93,-42.59,"5,731",97,69,44,28,56,33,-41.07,"7,112",505,408,292,365,940,428,-54.47,"38,767",16,16,34,21,74,32,-56.76,"3,695",21,27,13,18,27,0,-100,0,135,149,153,131,302,63,-79.14,"21,471","-74,11588357228409","4,725173436698844"
406,UPZ24,Niza,Ene-Sep,3,4,3,2,2,2,29,0,791,121,145,58,98,298,71,-76.17,"13,261",739,846,567,736,"1,521","1,157",-23.93,"109,907",101,95,81,105,135,59,-56.30,"5,504",8,24,18,20,43,-32.56,"2,900",89,61,96,80,124,79,-36.29,"5,731",140,131,92,111,181,92,-49.17,"7,112",385,334,282,382,687,367,-46.58,"38,767",11,14,10,11,27,20,-25.93,"3,695",28,47,120,139,28,0,-100,0,153,190,217,980,369,141,-61.79,"21,471","-74,07363634691983","4,717498091647937"
408,UPZ110,Ciudad Salitre Occidental,Ene-Sep,0,2,1,0,0,2,10,100,791,65,56,25,44,165,54,-67.27,"13,261",852,999,529,661,"1,731",858,-50.43,"109,907",24,33,25,17,52,13,-75,"5,504",7,6,6,6,14,-28.57,"2,900",42,55,46,21,117,31,-73.50,"5,731",162,144,84,92,241,99,-58.92,"7,112",512,465,315,412,886,286,-67.72,"38,767",10,7,9,5,19,5,-73.68,"3,695",6,11,9,8,10,0,-100,0,66,58,59,45,99,41,-58.59,"21,471","-74,11169510295835","4,655403570690394"
416,UPZ68,El Tesoro,Ene-Sep,20,18,20,10,14,11,10,-21.43,791,164,160,124,205,263,113,-57.03,"13,261",109,148,132,165,440,244,-44.55,"109,907",37,46,22,24,32,22,-31.25,"5,504",4,11,6,9,33,-69.70,"2,900",2,5,10,3,13,5,-61.54,"5,731",45,41,37,32,33,14,-57.58,"7,112",71,68,86,84,183,67,-63.39,"38,767",25,9,17,36,78,32,-58.97,"3,695",30,39,43,66,59,0,-100,0,296,197,286,264,846,389,-54.02,"21,471","-74,14154694251133","4,538584070768937"
417,UPZ112,Granjas De Techo,Ene-Sep,2,3,2,3,0,4,25,100,791,90,71,35,77,156,65,-58.33,"13,261",921,"1,165",806,"1,137","2,270","1,165",-48.68,"109,907",42,26,26,22,68,21,-69.12,"5,504",14,23,24,20,52,-51.92,"2,900",68,105,127,95,253,94,-62.85,"5,731",339,262,183,130,408,161,-60.54,"7,112",599,558,476,648,"1,254",436,-65.23,"38,767",24,18,20,21,57,23,-59.65,"3,695",11,11,11,11,18,0,-100,0,87,75,68,72,167,61,-63.47,"21,471","-74,12606849820034","4,653265862536437"
418,UPZ64,Monte Blanco,Ene-Sep,0,0,0,1,2,0,1,-100,791,2,11,3,9,20,13,-35,"13,261",0,2,1,6,30,25,-16.67,"109,907",1,5,1,6,6,1,-83.33,"5,504",0,1,0,0,3,-66.67,"2,900",0,0,0,0,0,0,0,"5,731",0,1,0,0,2,1,-50,"7,112",0,1,0,2,18,10,-44.44,"38,767",0,0,0,4,6,6,0,"3,695",3,6,8,8,9,0,-100,0,44,24,60,27,91,49,-46.15,"21,471","-74,13227399895104","4,499149747203315"
419,UPZ81,Gran Britalia,Ene-Sep,9,6,4,4,14,12,20,-14.29,791,211,169,120,184,457,152,-66.74,"13,261",361,385,345,482,"1,188",666,-43.94,"109,907",74,67,52,65,107,42,-60.75,"5,504",15,21,25,40,89,-77.53,"2,900",42,39,79,60,126,61,-51.59,"5,731",62,55,37,54,107,37,-65.42,"7,112",231,163,166,222,435,219,-49.66,"38,767",61,54,41,64,152,44,-71.05,"3,695",37,26,33,43,56,0,-100,0,294,330,255,276,731,174,-76.20,"21,471","-74,17497362243722","4,619883695337293"
420,UPZ106,La Esmeralda,Ene-Sep,0,0,1,4,2,0,15,-100,791,52,42,18,61,88,44,-50,"13,261",381,451,246,352,991,754,-23.92,"109,907",55,54,36,31,57,48,-15.79,"5,504",10,7,8,13,12,25,"2,900",56,54,42,40,69,23,-66.67,"5,731",46,65,23,43,88,46,-47.73,"7,112",181,165,124,146,513,291,-43.27,"38,767",2,6,4,4,4,6,50,"3,695",3,3,12,15,12,0,-100,0,83,42,53,187,118,40,-66.10,"21,471","-74,08637185000357","4,648285213937389"
421,UPZ111,Puente Aranda,Ene-Sep,3,1,25,0,4,2,20,-50,791,153,118,95,147,339,164,-51.62,"13,261",554,709,539,562,"1,548",970,-37.34,"109,907",16,26,16,9,22,15,-31.82,"5,504",13,13,10,12,32,-37.50,"2,900",33,25,62,41,104,64,-38.46,"5,731",238,235,106,117,265,114,-56.98,"7,112",347,323,307,294,747,318,-57.43,"38,767",21,17,11,31,76,24,-68.42,"3,695",14,16,8,18,21,0,-100,0,40,58,49,106,290,60,-79.31,"21,471","-74,10873395375037","4,63350306736077"
422,UPZ63,El Mochuelo,Ene-Sep,2,2,0,2,2,0,0,-100,791,11,15,6,4,5,5,0,"13,261",15,17,8,10,36,25,-30.56,"109,907",2,1,0,0,2,0,-100,"5,504",2,3,0,0,6,-100,"2,900",0,2,0,0,2,3,50,"5,731",5,5,1,1,4,4,0,"7,112",11,10,5,6,18,7,-61.11,"38,767",0,0,0,1,0,0,0,"3,695",4,2,2,0,1,0,-100,0,5,7,7,6,2,2,0,"21,471","-74,13001136168336","4,537986445102946"
423,UPZ94,La Candelaria,Ene-Sep,3,1,2,6,3,3,3,0,791,180,208,149,252,330,125,-62.12,"13,261","1,161","1,225",567,684,"1,724",756,-56.15,"109,907",34,30,29,25,43,24,-44.19,"5,504",5,29,13,8,23,-86.96,"2,900",16,25,33,32,16,8,-50,"5,731",124,230,116,139,256,83,-67.58,"7,112",676,459,316,338,810,257,-68.27,"38,767",4,3,10,8,14,2,-85.71,"3,695",40,165,106,198,119,0,-100,0,90,128,203,235,"1,477",84,-94.31,"21,471","-74,07207052195602","4,596605054419337"
424,UPZ20,La Alhambra,Ene-Sep,0,1,0,0,2,0,6,-100,791,59,37,15,29,66,34,-48.48,"13,261",703,885,488,536,"1,455","1,058",-27.29,"109,907",63,62,46,54,122,57,-53.28,"5,504",8,2,9,7,15,-60,"2,900",38,38,47,58,78,42,-46.15,"5,731",113,78,54,48,115,45,-60.87,"7,112",446,410,268,269,782,422,-46.04,"38,767",5,4,4,3,2,10,400,"3,695",3,6,7,20,7,0,-100,0,58,38,46,45,102,63,-38.24,"21,471","-74,06140753478289","4,698250774226756"
425,UPZ89,San Isidro - Patios,Ene-Sep,0,1,0,2,4,3,0,-25,791,47,24,22,47,74,30,-59.46,"13,261",19,35,23,33,77,67,-12.99,"109,907",4,6,9,7,10,4,-60,"5,504",0,2,1,2,0,0,"2,900",1,6,3,3,0,1,100,"5,731",5,6,9,3,18,4,-77.78,"7,112",8,16,8,15,63,27,-57.14,"38,767",1,1,0,0,8,2,-75,"3,695",4,6,5,13,10,0,-100,0,80,79,57,40,106,50,-52.83,"21,471","-74,01946491721635","4,667742395862741"
426,UPZ65,Arborizadora,Ene-Sep,4,7,5,9,18,4,30,-77.78,791,141,114,91,125,302,106,-64.90,"13,261",424,552,460,632,"1,364",826,-39.44,"109,907",50,36,49,45,72,27,-62.50,"5,504",46,25,31,40,67,-55.22,"2,900",55,48,68,66,120,41,-65.83,"5,731",36,70,39,55,138,61,-55.80,"7,112",305,244,255,391,701,294,-58.06,"38,767",30,46,41,70,157,71,-54.78,"3,695",32,32,28,28,41,0,-100,0,280,284,271,208,483,221,-54.24,"21,471","-74,15279144614838","4,583175023336833"
428,UPZ115,Capellania,Ene-Sep,1,1,1,1,3,0,4,-100,791,62,30,13,37,88,39,-55.68,"13,261",578,681,394,506,"1,254",595,-52.55,"109,907",21,19,25,16,13,15,15.38,"5,504",2,13,3,8,6,-33.33,"2,900",27,45,50,61,124,49,-60.48,"5,731",56,65,41,37,74,47,-36.49,"7,112",365,326,248,264,559,199,-64.40,"38,767",4,13,5,8,13,11,-15.38,"3,695",9,6,4,8,7,0,-100,0,37,52,49,29,98,36,-63.27,"21,471","-74,12716203367326","4,6792078157740775"
429,UPZ21,Los Andes,Ene-Sep,1,0,0,0,0,0,20,0,791,197,136,138,107,258,151,-41.47,"13,261",822,957,524,613,"1,332","1,224",-8.11,"109,907",40,49,40,45,90,28,-68.89,"5,504",9,9,15,10,15,33.33,"2,900",104,85,79,94,94,80,-14.89,"5,731",148,163,137,114,205,60,-70.73,"7,112",548,441,329,286,638,441,-30.88,"38,767",5,5,6,4,6,7,16.67,"3,695",16,14,7,11,11,0,-100,0,82,52,53,39,113,35,-69.03,"21,471","-74,06747776307984","4,682615141021718"
430,UPZ107,Quinta Paredes,Ene-Sep,2,0,1,2,0,2,9,100,791,129,46,34,62,81,42,-48.15,"13,261",836,835,406,480,"1,622","1,008",-37.85,"109,907",44,42,44,30,83,39,-53.01,"5,504",7,8,3,9,19,-52.63,"2,900",77,44,53,59,67,40,-40.30,"5,731",186,101,74,61,106,52,-50.94,"7,112",519,387,221,248,835,397,-52.46,"38,767",8,3,2,0,11,2,-81.82,"3,695",10,8,5,8,29,0,-100,0,79,29,63,168,171,26,-84.80,"21,471","-74,08954090162634","4,630724808762616"
431,UPZ54,Marruecos,Ene-Sep,14,8,22,16,34,18,48,-47.06,791,288,324,220,290,415,188,-54.70,"13,261",456,529,366,485,"1,019",699,-31.40,"109,907",86,71,54,38,69,61,-11.59,"5,504",26,21,24,24,32,50,"2,900",9,12,20,16,42,23,-45.24,"5,731",61,62,39,54,61,34,-44.26,"7,112",293,239,251,265,462,196,-57.58,"38,767",17,38,18,60,78,52,-33.33,"3,695",52,69,45,35,76,0,-100,0,274,356,369,365,720,289,-59.86,"21,471","-74,11572574473983","4,557628887267556"
432,UPZ45,Carvajal,Ene-Sep,10,10,10,10,14,7,67,-50,791,241,272,184,254,399,180,-54.89,"13,261","1,001","1,219",877,"1,092","2,171","1,279",-41.09,"109,907",97,116,70,99,105,79,-24.76,"5,504",67,67,63,76,141,-52.48,"2,900",60,62,138,116,170,81,-52.35,"5,731",198,194,136,140,170,79,-53.53,"7,112",706,550,528,610,"1,059",424,-59.96,"38,767",56,58,46,90,157,59,-62.42,"3,695",47,75,33,41,59,0,-100,0,385,334,332,333,579,199,-65.63,"21,471","-74,14149443391054","4,606947524289649"
433,UPZ53,Marco Fidel Suarez,Ene-Sep,15,12,13,18,34,16,38,-52.94,791,208,218,131,172,306,140,-54.25,"13,261",328,425,258,387,808,512,-36.63,"109,907",70,57,35,41,53,46,-13.21,"5,504",12,18,10,14,34,11.76,"2,900",7,10,15,22,23,20,-13.04,"5,731",42,54,50,54,69,35,-49.28,"7,112",212,223,160,226,429,170,-60.37,"38,767",34,27,13,37,67,23,-65.67,"3,695",37,53,29,33,56,0,-100,0,190,244,211,202,430,180,-58.14,"21,471","-74,11571540005959","4,570019806439839"
434,UPZ15,Country Club,Ene-Sep,1,0,0,1,2,0,0,-100,791,32,31,7,24,44,21,-52.27,"13,261",491,509,237,309,706,335,-52.55,"109,907",33,41,19,20,40,24,-40,"5,504",5,4,5,2,8,-100,"2,900",30,22,25,18,39,15,-61.54,"5,731",64,109,80,59,89,32,-64.04,"7,112",327,225,137,167,356,108,-69.66,"38,767",2,1,3,3,0,0,0,"3,695",7,8,5,6,8,0,-100,0,26,29,28,29,54,22,-59.26,"21,471","-74,04342707251688","4,71041920855171"
435,UPZ74,Engativa,Ene-Sep,9,18,15,7,11,17,43,54.55,791,332,188,167,213,411,181,-55.96,"13,261",372,430,461,640,"1,208",898,-25.66,"109,907",135,158,94,136,143,220,53.85,"5,504",22,27,42,37,61,-29.51,"2,900",64,68,130,115,166,77,-53.61,"5,731",73,62,56,57,91,49,-46.15,"7,112",233,205,228,364,514,341,-33.66,"38,767",61,73,35,76,132,81,-38.64,"3,695",56,68,45,74,76,0,-100,0,543,505,563,545,"1,093",319,-70.81,"21,471","-74,13986150067015","4,7139296729712195"
436,UPZ23,Casa Blanca Suba,Ene-Sep,0,0,1,0,0,1,16,100,791,51,25,30,37,74,30,-59.46,"13,261",350,480,300,372,885,677,-23.50,"109,907",47,42,34,38,79,37,-53.16,"5,504",11,5,8,12,25,-36,"2,900",57,43,33,36,114,41,-64.04,"5,731",208,243,163,102,161,60,-62.73,"7,112",191,196,167,217,399,242,-39.35,"38,767",4,5,7,4,20,9,-55,"3,695",7,11,14,15,19,0,-100,0,81,99,94,105,151,85,-43.71,"21,471","-74,06951639667398","4,744020128928238"
437,UPZ97,Chico Lago,Ene-Sep,3,3,1,0,2,2,13,0,791,180,155,76,98,318,113,-64.47,"13,261","3,693","5,217","1,993","3,109","8,526","4,229",-50.40,"109,907",72,70,73,71,130,49,-62.31,"5,504",13,5,9,14,23,-43.48,"2,900",201,185,135,105,227,72,-68.28,"5,731",613,738,429,335,653,263,-59.72,"7,112","3,784","2,471","1,220","1,863","4,800","1,622",-66.21,"38,767",10,9,4,6,10,15,50,"3,695",33,21,23,30,32,0,-100,0,80,47,69,102,280,73,-73.93,"21,471","-74,05422027648247","4,67150205594168"
374,UPZ86,El Porvenir,Ene-Sep,11,15,16,19,12,13,33,8.33,791,243,220,166,265,418,181,-56.70,"13,261",389,532,436,575,"1,297",573,-55.82,"109,907",85,113,66,61,83,32,-61.45,"5,504",30,41,35,34,62,-46.77,"2,900",52,80,105,114,179,55,-69.27,"5,731",67,59,43,37,68,34,-50,"7,112",232,249,207,308,533,195,-63.41,"38,767",70,74,48,70,90,40,-55.56,"3,695",67,76,59,77,109,0,-100,0,672,606,625,525,983,355,-63.89,"21,471","-74,19210462193519","4,641606320243343"
412,UPZ101,Teusaquillo,Ene-Sep,0,1,0,2,10,2,24,-80,791,193,95,52,69,149,71,-52.35,"13,261","1,426","1,678",805,994,"3,077","2,275",-26.06,"109,907",79,116,85,89,229,93,-59.39,"5,504",29,26,14,28,25,-4,"2,900",98,99,108,112,128,93,-27.34,"5,731",255,189,140,112,280,101,-63.93,"7,112",924,927,459,503,"1,703",854,-49.85,"38,767",9,14,7,17,32,21,-34.38,"3,695",20,22,16,25,33,0,-100,0,101,59,62,65,485,81,-83.30,"21,471","-74,07392427349725","4,62796049011299"
327,UPZ39,Quiroga,Ene-Sep,6,7,12,15,22,7,66,-68.18,791,319,206,197,216,496,195,-60.69,"13,261",818,995,906,"1,175","2,669","1,726",-35.33,"109,907",97,76,93,102,174,92,-47.13,"5,504",52,44,55,47,104,-36.54,"2,900",60,59,107,95,167,51,-69.46,"5,731",134,155,133,206,194,133,-31.44,"7,112",536,492,556,659,"1,321",633,-52.08,"38,767",57,73,46,83,144,69,-52.08,"3,695",33,50,42,52,77,0,-100,0,202,249,261,274,706,241,-65.86,"21,471","-74,11846044982715","4,582596217177482"
368,UPZ84,Bosa Occidental,Ene-Sep,32,18,17,37,56,27,41,-51.79,791,511,417,301,484,842,327,-61.16,"13,261",708,886,783,"1,197","2,366","1,094",-53.76,"109,907",183,234,171,130,174,74,-57.47,"5,504",40,40,46,56,111,-63.06,"2,900",105,122,220,199,275,99,-64,"5,731",141,145,98,112,199,67,-66.33,"7,112",470,407,380,612,"1,130",389,-65.58,"38,767",147,125,93,133,245,97,-60.41,"3,695",123,114,98,122,150,0,-100,0,945,863,956,799,"1,593",720,-54.80,"21,471","-74,1898618651784","4,623847346838228"
